,City,Lat,Lng,Max Temp,Humidity,Cloudiness,Wind Speed,Country,Date
0,Puerto Ayora,-0.7393,-90.3518,74.55,86,41,7.0,EC,1622332964
1,Mogadishu,2.0371,45.3438,78.17,84,82,12.64,SO,1622332964
2,Asău,46.4333,26.4,54.52,99,87,1.9,RO,1622332964
3,Busselton,-33.65,115.3333,53.1,84,95,19.75,AU,1622332965
4,Rojhan,28.6868,69.9534,91.92,44,0,11.16,PK,1622332965
5,Dingle,10.9995,122.6711,83.7,76,88,2.28,PH,1622332965
6,Lüderitz,-26.6481,15.1594,60.08,61,25,12.3,NA,1622332967
7,Bismarck,46.8083,-100.7837,71.87,53,1,4.0,US,1622332712
8,Jamestown,42.097,-79.2353,51.08,85,100,3.0,US,1622332715
9,Rikitea,-23.1203,-134.9692,76.8,86,96,21.65,PF,1622332787
10,Ankara,39.9199,32.8543,56.21,77,40,2.77,TR,1622332859
11,Adrar,20.5022,-10.0711,92.37,13,86,11.14,MR,1622332967
12,Mataura,-46.1927,168.8643,49.48,95,100,4.18,NZ,1622332776
13,Ushuaia,-54.8,-68.3,28.06,93,75,28.77,AR,1622332732
14,Kapaa,22.0752,-159.319,82.11,68,62,1.01,US,1622332958
15,Tianpeng,30.9866,103.9393,74.62,74,100,0.85,CN,1622332968
16,Bethel,41.3712,-73.414,48.49,85,100,1.99,US,1622332816
17,Bolitoc,15.7395,119.8769,84.87,75,94,2.19,PH,1622332969
18,Miraflores,19.2167,-98.8083,77.65,43,97,2.82,MX,1622332969
19,Harper,4.375,-7.7169,80.26,85,95,7.4,LR,1622332969
20,Albany,42.6001,-73.9662,51.73,78,100,2.59,US,1622332915
21,Murray Bridge,-35.1167,139.2667,54.68,55,0,10.0,AU,1622332970
22,Hobart,-42.8794,147.3294,51.01,66,75,8.05,AU,1622332807
23,Lima,-12.0432,-77.0282,62.13,92,69,5.57,PE,1622332922
24,São Miguel do Araguaia,-13.275,-50.1628,76.55,48,38,4.7,BR,1622332681
25,Cape Town,-33.9258,18.4232,55.11,96,20,3.96,ZA,1622332800
26,Santa Cruz de la Sierra,-17.8,-63.1667,74.41,66,91,4.09,BO,1622332971
27,Hilo,19.7297,-155.09,82.27,86,23,5.99,US,1622332971
28,Bluff,-46.6,168.3333,49.8,89,100,22.75,NZ,1622332832
29,Kendal,54.3268,-2.7476,57.72,93,13,2.77,GB,1622332971
30,Airai,-8.9266,125.4092,64.6,69,46,1.66,TL,1622332972
31,Vila,42.0304,-8.1588,54.7,80,85,3.94,PT,1622332972
32,Lavrentiya,65.5833,-171.0,34.75,86,5,7.16,RU,1622332972
33,Tuatapere,-46.1333,167.6833,49.82,93,100,9.78,NZ,1622332973
34,Talara,-4.5772,-81.2719,67.87,89,32,15.05,PE,1622332973
35,Basco,20.4487,121.9702,84.67,76,93,15.61,PH,1622332973
36,Ascension,30.2169,-90.9001,80.01,84,1,3.44,US,1622332974
37,Zhangye,38.9342,100.4517,70.39,30,7,9.71,CN,1622332974
38,Priiskovyy,51.9333,116.6333,49.69,61,100,5.19,RU,1622332974
39,Guerrero Negro,27.9769,-114.0611,64.69,68,66,22.66,MX,1622332975
40,Río Gallegos,-51.6226,-69.2181,35.4,69,100,23.8,AR,1622332975
41,East London,-33.0153,27.9116,59.56,77,64,14.07,ZA,1622332975
42,Arraial do Cabo,-22.9661,-42.0278,73.63,83,82,11.45,BR,1622332796
43,Mombetsu,44.3525,143.3525,44.22,98,100,3.94,JP,1622332976
44,Goderich,43.7501,-81.7165,52.56,68,8,12.93,CA,1622332886
45,Vaini,-21.2,-175.2,77.76,82,77,13.73,TO,1622332976
46,Padang,-0.9492,100.3543,77.68,76,98,4.14,ID,1622332976
47,Vostok,46.4856,135.8833,44.46,91,100,1.92,RU,1622332977
48,Muisne,0.6,-80.0333,76.44,88,70,6.62,EC,1622332977
49,Tuktoyaktuk,69.4541,-133.0374,30.2,80,90,6.91,CA,1622332777
50,Qaanaaq,77.484,-69.3632,30.15,94,65,5.91,GL,1622332977
51,Olafsvik,64.8945,-23.7142,45.23,91,100,35.16,IS,1622332802
52,Port Alfred,-33.5906,26.891,57.61,81,83,10.07,ZA,1622332978
53,Piaçabuçu,-10.4056,-36.4344,75.83,78,61,6.96,BR,1622332978
54,Grindavik,63.8424,-22.4338,46.87,93,90,38.97,IS,1622332979
55,Beeville,28.4008,-97.7483,84.38,79,40,6.91,US,1622332972
56,Klaksvík,62.2266,-6.589,45.52,85,47,10.33,FO,1622332979
57,Ayorou,14.7308,0.9174,89.91,12,3,5.06,NE,1622332979
58,San Cristobal,7.7669,-72.225,67.6,97,83,1.45,VE,1622332980
59,Havelock,34.8791,-76.9013,76.95,88,100,1.01,US,1622332772
60,Half Moon Bay,37.4636,-122.4286,75.81,77,75,12.66,US,1622332980
61,Grenå,56.4158,10.8783,50.85,83,3,9.44,DK,1622332981
62,Chokwé,-24.5333,32.9833,61.9,94,0,1.63,MZ,1622332981
63,Bredasdorp,-34.5322,20.0403,52.29,91,57,2.71,ZA,1622332981
64,Wattegama,6.7989,81.4808,73.8,88,99,3.49,LK,1622332982
65,San Miguel de Tucumán,-26.8241,-65.2226,56.93,52,26,3.09,AR,1622332982
66,Barrow,71.2906,-156.7887,30.22,80,90,9.22,US,1622332983
67,Sept-Îles,50.2001,-66.3821,48.06,63,6,1.01,CA,1622332984
68,Phalaborwa,-23.943,31.1411,59.09,78,1,2.57,ZA,1622332984
69,Takoradze,4.8845,-1.7554,80.44,85,85,7.81,GH,1622332806
70,Tiksi,71.6872,128.8694,33.73,92,77,10.92,RU,1622332985
71,Yatou,37.15,122.3833,63.37,71,14,12.57,CN,1622332985
72,Necochea,-38.5473,-58.7368,45.75,57,52,16.37,AR,1622332985
73,Vysokovsk,56.3167,36.55,48.06,86,66,9.73,RU,1622332986
74,Lakes Entrance,-37.8811,147.981,50.49,60,17,2.57,AU,1622332986
75,Caravelas,-17.7125,-39.2481,75.51,85,63,6.96,BR,1622332987
76,Ponta do Sol,32.6667,-17.1,67.71,76,46,6.06,PT,1622332987
77,Narsaq,60.9167,-46.05,43.02,86,100,4.85,GL,1622332904
78,Codrington,-38.2667,141.9667,47.91,78,6,8.61,AU,1622332988
79,Hualmay,-11.0964,-77.6139,64.35,90,56,6.98,PE,1622332989
80,Kysyl-Syr,63.8986,122.7617,60.6,48,88,7.49,RU,1622332989
81,Saint-Philippe,-21.3585,55.7679,68.22,82,15,5.39,RE,1622332990
82,Naze,28.3667,129.4833,66.9,87,100,5.19,JP,1622332990
83,Maniitsoq,65.4167,-52.9,37.83,79,1,17.92,GL,1622332990
84,Bengkulu,-3.8004,102.2655,75.22,87,97,4.63,ID,1622332830
85,Dikson,73.5069,80.5464,19.69,97,60,4.85,RU,1622332845
86,Camaná,-16.6228,-72.7111,66.22,87,97,5.19,PE,1622332889
87,Yumen,40.2833,97.2,72.05,23,6,12.24,CN,1622332991
88,Punta Arenas,-53.15,-70.9167,33.91,60,40,16.04,CL,1622332700
89,Comodoro Rivadavia,-45.8667,-67.5,43.7,45,9,10.07,AR,1622332991
90,Kavaratti,10.5669,72.642,82.92,75,94,15.39,IN,1622332992
91,Severo-Kuril'sk,50.6789,156.125,41.45,89,100,8.72,RU,1622332992
92,Mwinilunga,-11.7358,24.4293,51.28,50,23,3.2,ZM,1622332992
93,Upernavik,72.7868,-56.1549,31.42,91,100,18.21,GL,1622332993
94,Sioux Lookout,50.1001,-91.917,62.35,35,98,10.33,CA,1622332993
95,Ponta Delgada,37.7333,-25.6667,63.32,82,20,6.91,PT,1622332991
96,New Norfolk,-42.7826,147.0587,51.93,68,27,3.31,AU,1622332994
97,Malatya Province,38.5,38.0,62.65,39,0,5.46,TR,1622332994
98,Vanderhoof,54.0166,-124.0198,67.91,26,57,3.98,CA,1622332994
99,Bonthe,7.5264,-12.505,80.37,85,29,4.61,SL,1622332995
100,Thompson,55.7435,-97.8558,51.96,93,90,9.22,CA,1622332815
101,Theog,31.1167,77.35,57.18,69,27,5.46,IN,1622332995
102,Taoudenni,22.6783,-3.9836,99.05,7,36,8.93,ML,1622332995
103,Gaza,31.5,34.4667,69.78,81,1,0.67,PS,1622332996
104,Tasiilaq,65.6145,-37.6368,36.36,86,100,17.0,GL,1622332821
105,Nikolskoye,59.7035,30.7861,48.09,85,4,4.12,RU,1622332996
106,Krasnosel'kup,65.7,82.4667,42.44,51,28,15.61,RU,1622332997
107,Puerto Carreño,6.189,-67.4859,79.12,83,89,5.75,CO,1622332997
108,Kostanay,53.1667,63.5833,61.25,39,14,7.9,KZ,1622332858
109,Grandview,38.8858,-94.533,65.98,51,58,1.99,US,1622332800
110,Mengcheng,33.2579,116.5655,78.35,60,54,9.75,CN,1622332997
111,Shitkino,56.3703,98.3543,37.83,66,77,8.88,RU,1622332998
112,Tezu,27.9167,96.1667,74.8,80,98,3.0,IN,1622332998
113,Hermanus,-34.4187,19.2345,54.9,80,58,5.86,ZA,1622332788
114,Port Elizabeth,-33.918,25.5701,55.09,87,68,7.58,ZA,1622332999
115,Vardø,70.3705,31.1107,38.8,94,85,12.3,NO,1622332999
116,Carnarvon,-24.8667,113.6333,55.47,100,2,4.61,AU,1622332793
117,George Town,5.4112,100.3354,82.33,86,20,3.0,MY,1622332741
118,Gornopravdinsk,60.05,69.9,56.32,87,61,6.89,RU,1622333000
119,Suamico,44.6319,-88.0393,65.17,46,2,4.05,US,1622332751
120,Pacific Grove,36.6177,-121.9166,74.62,85,9,1.01,US,1622333000
121,Cayenne,4.9333,-52.3333,81.09,83,75,5.99,GF,1622333000
122,Turinsk,58.0458,63.696,59.63,61,65,8.32,RU,1622333001
123,Yellowknife,62.456,-114.3525,53.56,32,100,13.0,CA,1622332801
124,Paiçandu,-23.4575,-52.0486,73.08,45,96,2.37,BR,1622333001
125,Atuona,-9.8,-139.0333,78.98,71,21,9.17,PF,1622332965
126,Umluj,25.0213,37.2685,82.83,68,100,9.53,SA,1622333002
127,Hithadhoo,-0.6,73.0833,83.16,73,34,18.48,MV,1622332798
128,Cidreira,-30.1811,-50.2056,59.97,72,14,11.41,BR,1622333002
129,Palu,-0.8917,119.8707,80.96,85,96,1.79,ID,1622332910
130,Monrovia,6.3005,-10.7969,80.67,83,95,7.23,LR,1622333003
131,Presidencia Roque Sáenz Peña,-26.7852,-60.4388,61.0,56,46,1.99,AR,1622332807
132,Kamenka,51.3223,42.7678,59.2,94,83,6.62,RU,1622333003
133,Eilat,29.5581,34.9482,76.66,44,33,6.55,IL,1622333004
134,Kilcullen,53.1303,-6.7444,52.66,92,24,2.17,IE,1622333004
135,Yulara,-25.2406,130.9889,53.46,45,100,10.54,AU,1622333004
136,Fukuechō,32.6881,128.8419,68.72,61,61,4.88,JP,1622333005
137,Mahon,39.8885,4.2658,63.16,82,0,3.44,ES,1622333005
138,Chul'man,56.8479,124.9104,54.23,57,3,5.99,RU,1622333005
139,Vilyuysk,63.7553,121.6247,63.37,43,26,7.34,RU,1622333006
140,Bereda,43.2686,-7.5406,55.15,96,100,4.79,ES,1622333006
141,São Filipe,14.8961,-24.4956,72.93,79,20,10.89,CV,1622333006
142,Taldan,53.6667,124.8,48.31,76,52,3.02,RU,1622333006
143,Provideniya,64.3833,-173.3,46.65,44,2,6.93,RU,1622333007
144,Kruisfontein,-34.0033,24.7314,52.88,91,44,8.08,ZA,1622333007
145,Hong Kong,22.2855,114.1577,88.97,87,98,1.01,HK,1622332872
146,Kuching,1.55,110.3333,75.42,100,40,0.0,MY,1622332916
147,Homa Bay,-0.5273,34.4571,65.98,85,43,3.53,KE,1622333008
148,Katsuura,35.1333,140.3,73.24,71,98,1.97,JP,1622333008
149,Masaka,-0.3338,31.7341,62.65,86,34,1.57,UG,1622333008
150,Tarko-Sale,64.9225,77.785,48.83,64,98,23.58,RU,1622333009
151,Chumikan,54.7183,135.315,36.41,92,100,11.99,RU,1622333009
152,La Paz,-16.5,-68.15,45.3,74,90,8.19,BO,1622332802
153,Saldanha,-33.0117,17.9442,57.11,84,6,3.47,ZA,1622332982
154,Aklavik,68.2191,-135.0107,37.2,58,100,10.25,CA,1622333009
155,Preston,53.7667,-2.7167,58.32,82,19,5.53,GB,1622332948
156,Inta,66.0317,60.1659,39.33,65,99,6.82,RU,1622333010
157,Lethem,3.3803,-59.7968,76.77,89,83,9.08,GY,1622333010
158,Burkburnett,34.0979,-98.5706,79.52,60,20,1.99,US,1622333011
159,Castro,-24.7911,-50.0119,64.72,78,66,2.91,BR,1622332787
160,Saint Paul Harbor,57.79,-152.4072,47.71,87,90,8.05,US,1622333011
161,Esperance,-33.8667,121.9,62.58,82,89,11.39,AU,1622332996
162,Hamilton,39.1834,-84.5333,58.41,76,100,1.01,US,1622332804
163,Labuhan,-6.8844,112.2051,78.94,82,87,8.12,ID,1622333012
164,Cabo San Lucas,22.8909,-109.9124,98.82,54,86,14.9,MX,1622333013
165,Tacna,-18.0056,-70.2483,62.56,80,98,1.74,PE,1622332945
166,Kavieng,-2.5744,150.7967,83.52,79,91,16.13,PG,1622333014
167,Akureyri,65.6835,-18.0878,47.62,69,100,21.23,IS,1622333014
168,Farīdpur,23.6,89.8333,82.4,86,9,6.6,BD,1622333015
169,Heihe,50.2441,127.4902,48.78,70,45,7.9,CN,1622333015
170,Pevek,69.7008,170.3133,41.7,57,0,8.34,RU,1622333015
171,Nantucket,41.2835,-70.0995,48.31,93,90,21.85,US,1622332985
172,Departamento de Maldonado,-34.6667,-54.9167,51.22,65,11,9.33,UY,1622333016
173,Kendari,-3.945,122.4989,78.67,85,45,2.91,ID,1622332841
174,Butaritari,3.0707,172.7902,83.12,78,100,14.03,KI,1622333016
175,Saint-François,46.4154,3.9054,54.68,72,0,0.0,FR,1622333017
176,Anadyr,64.75,177.4833,37.92,65,13,5.03,RU,1622332870
177,Kudahuvadhoo,2.6708,72.8944,83.82,70,95,21.12,MV,1622333017
178,Bambous Virieux,-20.3428,57.7575,74.21,80,52,7.54,MU,1622333017
179,Bam,29.106,58.357,83.46,12,2,5.84,IR,1622333018
180,Ţaga,46.95,24.05,53.69,95,92,4.56,RO,1622333018
181,Yerbogachën,61.2767,108.0108,44.94,60,63,9.64,RU,1622333018
182,Lafia,8.4833,8.5167,75.16,88,97,5.46,NG,1622333019
183,Vila Franca do Campo,37.7167,-25.4333,63.01,88,47,6.67,PT,1622333019
184,San Patricio,28.017,-97.5169,84.29,74,55,9.51,US,1622333019
185,Ambovombe,-25.1667,46.0833,64.4,84,1,4.41,MG,1622333020
186,Kumul,42.8,93.45,79.54,14,95,13.31,CN,1622333020
187,Neepawa,50.2289,-99.4664,65.82,45,56,10.33,CA,1622333020
188,Ostrovnoy,68.0531,39.5131,35.65,80,100,14.25,RU,1622333021
189,Bāglung,28.2719,83.5898,67.98,82,71,3.98,NP,1622333021
190,Sabang,5.8933,95.3214,78.22,90,99,24.34,ID,1622333021
191,Årdalstangen,61.2371,7.6983,60.42,55,7,1.32,NO,1622333022
192,Avarua,-21.2078,-159.775,78.85,61,25,6.91,CK,1622333022
193,Snezhnogorsk,69.1933,33.2531,37.18,85,76,10.51,RU,1622333022
194,Bandarbeyla,9.4942,50.8122,78.75,82,54,23.96,SO,1622333023
195,Ambulu,-8.345,113.6058,77.04,88,79,1.95,ID,1622333023
196,Khatanga,71.9667,102.5,44.83,70,94,5.64,RU,1622333023
197,Dom Pedrito,-30.9828,-54.6731,46.98,77,0,6.46,BR,1622333024
198,Darhan,49.4867,105.9228,40.5,95,100,14.16,MN,1622333024
199,Ust-Kuyga,70.0167,135.6,58.39,37,25,17.45,RU,1622333024
200,Biak,-0.9131,122.8766,79.5,77,86,6.38,ID,1622333025
201,Lebu,-37.6167,-73.65,48.96,77,45,6.58,CL,1622333025
202,Port Hedland,-20.3167,118.5667,71.65,49,40,8.05,AU,1622333025
203,Chokurdakh,70.6333,147.9167,59.22,32,6,14.32,RU,1622333025
204,Redcar,54.6166,-1.06,51.42,73,20,5.55,GB,1622333026
205,Pouébo,-20.4,164.5667,72.66,47,29,6.17,NC,1622333026
206,Dubbo,-32.25,148.6167,48.33,61,0,14.97,AU,1622333027
207,Allāpalli,19.4167,80.0667,88.83,46,83,0.63,IN,1622333027
208,Velika Kladuša,45.1894,15.8117,52.83,97,100,1.43,BA,1622333027
209,Tual,-5.6667,132.75,81.34,79,91,21.83,ID,1622333027
210,Boyolangu,-8.1181,111.8935,77.4,87,82,2.55,ID,1622333028
211,Nanortalik,60.1432,-45.2371,35.98,91,100,6.31,GL,1622333028
212,Beringovskiy,63.05,179.3167,34.12,82,7,10.25,RU,1622333029
213,Alice Springs,-23.7,133.8833,51.35,58,26,8.03,AU,1622333029
214,Dali,25.7,100.1833,66.83,75,48,5.35,CN,1622333029
215,Baruun-Urt,46.6806,113.2792,51.06,57,36,11.48,MN,1622333029
216,Kharagpur,22.3333,87.3333,82.85,87,28,9.64,IN,1622333030
217,Resistencia,-27.4606,-58.9839,62.06,56,43,6.04,AR,1622333030
218,Craigieburn,-37.6,144.95,51.21,81,20,1.21,AU,1622333030
219,Marystown,47.1666,-55.1483,42.04,78,100,9.86,CA,1622333031
220,Mahébourg,-20.4081,57.7,74.25,82,36,7.45,MU,1622333031
221,Kaitangata,-46.2817,169.8464,50.05,96,100,10.49,NZ,1622332838
222,Mahanoro,-19.9,48.8,68.0,92,2,4.76,MG,1622333031
223,Alyangula,-13.8483,136.4192,78.53,60,39,14.25,AU,1622333032
224,La Tuque,47.4334,-72.7824,48.61,56,4,5.19,CA,1622333032
225,Sarkand,45.41,79.9186,60.73,42,0,4.23,KZ,1622333032
226,Vestmannaeyjar,63.4427,-20.2734,46.44,85,100,37.4,IS,1622333033
227,High Level,58.5169,-117.136,70.84,22,91,7.78,CA,1622333033
228,Pangnirtung,66.1451,-65.7125,25.75,90,14,2.57,CA,1622333033
229,Craig,40.5153,-107.5464,69.75,23,90,16.11,US,1622333034
230,Lorengau,-2.0226,147.2712,82.31,83,76,10.85,PG,1622333034
231,Aleksandro-Nevskiy,53.4751,40.2095,58.5,98,93,11.59,RU,1622333034
232,Manzhouli,49.6,117.4333,56.52,50,88,15.5,CN,1622333035
233,Qandala,11.472,49.8728,86.99,62,17,1.72,SO,1622333035
234,Karaton,-6.3424,106.1045,81.95,91,98,1.61,ID,1622333035
235,Forsytheganj,52.6333,29.7333,50.25,96,100,7.87,BY,1622333035
236,Hambantota,6.1241,81.1185,79.84,81,91,19.93,LK,1622332979
237,Shakawe,-18.3667,21.85,52.95,34,0,3.51,BW,1622333036
238,Kahului,20.8947,-156.47,81.84,74,39,5.99,US,1622333036
239,Bārmer,25.75,71.3833,79.84,76,1,14.12,IN,1622332744
240,Requena,39.4883,-1.1004,61.99,54,19,2.64,ES,1622333037
241,Ust-Tsilma,65.441,52.1498,35.11,88,71,5.91,RU,1622333037
242,Radcliff,37.8404,-85.9491,56.44,74,90,8.25,US,1622333038
243,Gomel,52.4345,30.9754,49.68,96,84,7.85,BY,1622333038
244,Dalbandin,28.8947,64.4101,84.09,13,0,6.89,PK,1622333038
245,Juneau,58.3019,-134.4197,53.22,84,100,4.0,US,1622332813
246,Clyde River,70.4692,-68.5914,27.19,87,54,3.91,CA,1622333039
247,Tessalit,20.1986,1.0114,92.84,8,92,7.74,ML,1622333039
248,Pisco,-13.7,-76.2167,65.01,91,50,1.7,PE,1622333039
249,Magadan,59.5667,150.8,37.13,95,100,4.09,RU,1622333040
250,Balaipungut,1.05,101.2833,77.41,90,76,2.84,ID,1622333040
251,Sitka,57.0531,-135.33,50.04,81,100,6.31,US,1622332926
252,Kutum,14.2,24.6667,79.2,12,23,15.35,SD,1622333040
253,Jumla,29.2747,82.1838,58.17,87,100,1.5,NP,1622333041
254,Weligama,5.9667,80.4167,79.5,85,72,14.63,LK,1622333041
255,Evensk,61.95,159.2333,45.25,66,100,3.71,RU,1622333041
256,Waipawa,-41.4122,175.5153,53.02,76,100,4.41,NZ,1622333042
257,Batagay-Alyta,67.8006,130.4114,46.26,54,18,21.09,RU,1622333042
258,Alofi,-19.0595,-169.9187,79.29,78,52,14.18,NU,1622333043
259,Kewanee,41.2456,-89.9248,61.92,63,12,7.29,US,1622333043
260,La Ligua,-32.4524,-71.2311,57.47,78,76,1.79,CL,1622333043
261,Bilma,18.6853,12.9164,89.04,8,34,6.29,NE,1622333044
262,Kichera,55.9375,110.0997,41.27,73,99,2.64,RU,1622333044
263,Innisfail,-17.5333,146.0333,70.61,80,71,8.46,AU,1622333044
264,Cabedelo,-6.9811,-34.8339,76.68,80,3,11.48,BR,1622333045
265,Chapais,49.7834,-74.8492,50.52,41,1,5.55,CA,1622333045
266,Saint George,37.1041,-113.5841,91.63,11,100,3.0,US,1622332812
267,Tomatlán,19.9333,-105.25,86.13,38,100,6.8,MX,1622333045
268,Adré,13.4667,22.2,82.2,12,76,8.7,TD,1622333046
269,Tateyama,34.9833,139.8667,74.98,74,100,6.69,JP,1622333046
270,Petropavlovsk-Kamchatskiy,53.0452,158.6483,45.19,71,75,6.62,RU,1622333047
271,Benin,9.5,2.25,82.0,62,25,7.58,BJ,1622333047
272,Iwaki,37.05,140.8833,66.02,65,100,4.0,JP,1622332930
273,Port-Gentil,-0.7193,8.7815,78.94,85,79,9.4,GA,1622333047
274,La Ronge,55.1001,-105.2842,40.17,93,100,13.96,CA,1622332987
275,Ulladulla,-35.35,150.4667,56.88,59,79,11.72,AU,1622333048
276,Gumdag,39.2061,54.5906,85.06,27,0,6.33,TM,1622333048
277,Mount Gambier,-37.8333,140.7667,40.91,100,5,6.91,AU,1622333049
278,Celestún,20.8667,-90.4,82.47,74,7,16.49,MX,1622333049
279,Geraldton,-28.7667,114.6,63.01,72,40,13.67,AU,1622332888
280,Oshikango,-17.4,15.8833,56.93,32,0,4.94,NA,1622333050
281,Murdochville,48.9583,-65.5006,41.22,81,89,2.57,CA,1622333050
282,Banff,51.1762,-115.5698,60.58,31,73,6.26,CA,1622333050
283,Durango,24.8333,-104.8333,87.93,14,42,8.21,MX,1622332801
284,Singkang,2.1006,102.7994,77.79,87,87,1.68,MY,1622333051
285,Touros,-5.1989,-35.4608,76.89,83,8,12.64,BR,1622333051
286,Ilulissat,69.2167,-51.1,53.62,26,32,12.66,GL,1622333051
287,Fortuna,40.5982,-124.1573,74.43,81,75,3.0,US,1622332785
288,Adana Province,36.985,35.2881,71.62,93,75,0.0,TR,1622333052
289,Tautira,-17.7333,-149.15,84.22,70,100,15.03,PF,1622332919
290,Okhotsk,59.3833,143.3,38.61,86,99,9.48,RU,1622333052
291,Senador José Porfírio,-2.5908,-51.9542,79.05,76,73,3.53,BR,1622333053
292,Nishihara,26.1842,127.7558,71.65,94,90,16.55,JP,1622333053
293,Krasnoshchekovo,51.6708,82.7289,50.13,70,9,5.48,RU,1622333053
294,Maniwaki,46.3834,-75.966,52.11,52,0,3.56,CA,1622333054
295,Berlevåg,70.8578,29.0864,40.6,90,100,22.59,NO,1622332972
296,Dwārka,22.2394,68.9678,83.41,77,87,12.62,IN,1622333054
297,Kamaishi,39.2667,141.8833,62.85,63,30,7.36,JP,1622333054
298,Imbituba,-28.24,-48.6703,61.88,89,15,5.88,BR,1622333055
299,Solnechnyy,50.7214,136.6319,49.5,76,100,1.61,RU,1622333055
300,Ocós,14.5094,-92.1933,86.18,72,68,7.27,GT,1622333055
301,Mar del Plata,-38.0023,-57.5575,46.13,60,49,11.99,AR,1622333056
302,Marzuq,14.4,46.4667,79.54,39,4,4.09,YE,1622333056
303,Santiago del Estero,-27.7951,-64.2615,58.93,41,0,6.49,AR,1622332800
304,Rawson,-43.3002,-65.1023,43.84,44,6,9.89,AR,1622333056
305,Merauke,-8.4667,140.3333,79.36,69,97,13.53,ID,1622333057
306,Sørland,67.667,12.6934,44.1,77,100,8.75,NO,1622333057
307,Makat,47.6469,53.3463,71.73,58,0,4.29,KZ,1622333057
308,Katangli,51.7102,143.2326,40.12,80,99,14.9,RU,1622333058
309,Cherskiy,68.75,161.3,58.26,33,22,11.77,RU,1622332800
310,Longyearbyen,78.2186,15.6401,33.64,69,75,5.75,SJ,1622333058
311,Faanui,-16.4833,-151.75,80.28,66,28,8.52,PF,1622332946
312,Luau,-10.7073,22.2247,54.23,43,67,5.08,AO,1622333059
313,Ivanteyevka,55.9711,37.9208,51.49,86,100,12.95,RU,1622333059
314,Tupik,54.4253,119.9327,51.08,66,84,3.13,RU,1622333059
315,Vinkovci,45.2883,18.8047,58.89,67,0,8.21,HR,1622333059
316,Mount Isa,-20.7333,139.5,65.97,27,0,8.05,AU,1622333060
317,Ihlow,51.8833,13.3333,51.62,76,13,5.46,DE,1622333060
318,Fairbanks,64.8378,-147.7164,57.6,43,82,1.01,US,1622332861
319,Sheregesh,52.9209,87.9869,42.66,90,44,1.25,RU,1622333061
320,Saskylakh,71.9167,114.0833,35.49,88,76,8.19,RU,1622333061
321,Safi,32.2994,-9.2372,68.04,80,100,13.38,MA,1622332940
322,Paamiut,61.994,-49.6678,34.38,100,100,8.52,GL,1622333061
323,Byron Bay,-28.65,153.6167,62.87,77,100,14.34,AU,1622332765
324,Częstochowa,50.7965,19.1241,49.59,94,100,5.46,PL,1622333062
325,Laas,46.6166,10.7002,46.36,91,11,5.32,IT,1622333062
326,Norman Wells,65.282,-126.8329,40.3,66,100,8.12,CA,1622333062
327,Oistins,13.0667,-59.5333,79.5,75,7,17.02,BB,1622333063
328,Dzaoudzi,-12.7887,45.2699,78.69,73,0,9.22,YT,1622333063
329,Sangar,63.9242,127.4739,55.27,59,99,10.89,RU,1622333063
330,Kiama,-34.6833,150.8667,57.58,66,98,5.99,AU,1622333064
331,Rocha,-34.4833,-54.3333,44.67,65,12,11.12,UY,1622333064
332,Amga,60.8953,131.9608,63.79,54,98,8.12,RU,1622333065
333,Ati,13.2154,18.3353,88.83,10,3,11.27,TD,1622333065
334,Republic,37.12,-93.4802,60.17,74,75,1.01,US,1622333065
335,Hanzhong,33.0728,107.0303,71.55,75,66,0.83,CN,1622332865
336,Wenzhou,27.9994,120.6668,69.17,93,100,1.39,CN,1622332874
337,Sarany,58.5,58.8833,54.93,97,99,2.1,RU,1622333066
338,Ahipara,-35.1667,173.1667,54.25,84,94,8.81,NZ,1622333066
339,Cheyenne,41.14,-104.8203,59.22,84,75,8.05,US,1622333066
340,Naliya,23.2667,68.8333,82.36,81,75,13.06,IN,1622333067
341,Laguna,38.421,-121.4238,93.11,39,1,5.99,US,1622332851
342,Aguadilla,18.4275,-67.1541,81.45,94,90,1.99,PR,1622333067
343,Assiut,27.181,31.1837,80.53,25,67,7.7,EG,1622333067
344,Chui,-33.6971,-53.4616,45.57,64,21,10.29,UY,1622333068
345,Yershov,51.3513,48.2766,60.91,93,100,4.68,RU,1622333068
346,Lake Havasu City,34.4839,-114.3224,101.07,6,1,1.99,US,1622332877
347,Atar,20.5169,-13.0499,90.23,23,64,14.88,MR,1622333069
348,Lagos,6.5833,3.75,78.98,87,51,4.23,NG,1622332953
349,Chicama,-7.8447,-79.1469,63.14,88,68,6.87,PE,1622333069
350,Sompeta,18.9333,84.6,83.39,72,68,7.34,IN,1622333069
351,Irará,-12.05,-38.7667,67.19,87,100,6.4,BR,1622333070
352,Le Mars,42.7942,-96.1656,63.9,51,1,11.5,US,1622333070
353,Kaihua,23.3687,104.28,71.02,86,100,0.47,CN,1622333070
354,Brigantine,39.4101,-74.3646,52.07,94,90,27.04,US,1622333071
355,Eureka,40.8021,-124.1637,75.67,78,43,7.0,US,1622333071
356,Langham,52.3668,-106.9679,60.26,54,89,13.42,CA,1622333071
357,Prado,-17.3411,-39.2208,75.97,85,72,8.28,BR,1622333071
358,Inverell,-29.7833,151.1167,58.66,64,96,1.99,AU,1622333072
359,Gorlice,49.6556,21.1604,47.75,96,99,5.64,PL,1622333072
360,Sistranda,63.7256,8.834,46.9,85,9,6.51,NO,1622333073
361,Coronel,-37.0167,-73.1333,48.74,81,67,5.88,CL,1622333073
362,Brezno,48.8043,19.6363,48.76,95,61,4.0,SK,1622333073
363,Ribeira Grande,38.5167,-28.7,64.11,80,49,4.47,PT,1622333073
364,Port Macquarie,-31.4333,152.9167,61.9,78,87,13.89,AU,1622333074
365,Iquique,-20.2208,-70.1431,64.4,83,84,5.14,CL,1622333074
366,Yar-Sale,66.8333,70.8333,43.14,69,53,5.21,RU,1622333074
367,Olavarría,-36.8927,-60.3225,39.67,76,10,7.54,AR,1622333075
368,Champerico,14.3,-91.9167,84.34,73,36,7.23,GT,1622333075
369,Mokhsogollokh,61.4681,128.9203,63.95,50,46,9.31,RU,1622333075
370,Atambua,-9.1061,124.8925,76.69,66,32,2.3,ID,1622333076
371,Río Cuarto,-33.1307,-64.3499,49.37,38,68,2.37,AR,1622332934
372,San Rafael del Sur,11.8485,-86.4384,84.47,64,68,4.7,NI,1622333076
373,Kalmunai,7.4167,81.8167,79.36,82,100,5.75,LK,1622333076
374,Iqaluit,63.7506,-68.5145,37.2,60,7,11.81,CA,1622333077
375,Shirokiy,49.758,129.523,55.9,83,100,7.11,RU,1622333077
376,Morant Bay,17.8815,-76.4093,77.63,82,12,6.26,JM,1622332918
377,La Rioja,42.25,-2.5,59.04,95,96,4.12,ES,1622333077
378,Honiara,-9.4333,159.95,82.0,78,88,0.58,SB,1622333078
379,Makkah al Mukarramah,21.4267,39.8261,88.48,42,45,2.17,SA,1622333078
380,Dargaville,-35.9333,173.8833,57.85,75,97,7.81,NZ,1622333078
381,Pampierstad,-27.7832,24.6877,46.89,48,85,5.86,ZA,1622333079
382,Yangi Marg`ilon,40.4272,71.7189,71.51,48,50,5.08,UZ,1622333079
383,Westport,41.1415,-73.3579,50.14,86,90,1.01,US,1622333079
384,Athabasca,54.7169,-113.2854,65.39,47,41,6.98,CA,1622333080
385,Bilibino,68.0546,166.4372,53.82,36,94,1.77,RU,1622333080
386,Ancud,-41.8697,-73.8203,48.42,80,94,4.41,CL,1622333080
387,Jaisalmer,26.9147,70.9181,83.34,62,0,17.45,IN,1622333081
388,Tiznit Province,29.5833,-9.5,75.18,45,100,5.01,MA,1622333081
389,Aykhal,66.0,111.5,56.37,52,23,8.77,RU,1622333081
390,Iracoubo,5.4802,-53.2011,77.76,89,84,10.04,GF,1622333082
391,Taksimo,56.3444,114.8794,39.09,98,100,4.9,RU,1622333024
392,Salinas,36.6777,-121.6555,75.04,71,90,14.97,US,1622333080
393,Mackay,-21.15,149.2,68.04,80,51,18.86,AU,1622333082
394,Campbell River,50.0163,-125.2446,66.25,40,85,1.01,CA,1622332811
395,Lālmohan,22.3384,90.7419,83.93,78,10,7.78,BD,1622333083
396,Manicoré,-5.8092,-61.3003,81.27,67,91,2.06,BR,1622333083
397,Hofn,64.2539,-15.2082,45.45,88,100,11.56,IS,1622332909
398,Ormara,25.2088,64.6357,84.15,83,66,17.25,PK,1622333083
399,Lālsot,26.5667,76.3333,88.11,46,97,3.76,IN,1622333084
400,Isangel,-19.55,169.2667,75.96,51,100,5.84,VU,1622333084
401,Sampit,-2.5333,112.95,76.42,94,52,1.57,ID,1622333084
402,Puerto Escondido,15.85,-97.0667,86.83,70,75,0.0,MX,1622333085
403,Xichang,27.8964,102.2634,62.4,87,100,2.01,CN,1622333085
404,Medina Estates,5.6823,-0.1641,80.38,81,100,4.83,GH,1622333085
405,Nabire,-3.3667,135.4833,81.28,82,100,3.44,ID,1622332958
406,Gatesville,31.4352,-97.7439,83.57,63,45,12.8,US,1622333086
407,Kailua,21.4022,-157.7394,85.06,62,11,9.17,US,1622333086
408,Biltine,14.5333,20.9167,86.52,11,18,8.63,TD,1622333086
409,Viramgam,23.1225,72.0484,86.23,63,96,9.93,IN,1622333087
410,Cascais,38.6979,-9.4215,61.61,69,2,14.0,PT,1622333087
411,Maningrida,-12.0667,134.2667,77.23,66,83,13.27,AU,1622333087
412,Korla,41.7597,86.1469,72.88,37,88,14.56,CN,1622333088
413,Dhidhdhoo,6.8833,73.1,83.21,71,15,19.93,MV,1622333088
414,Souillac,-20.5167,57.5167,74.35,89,14,7.09,MU,1622333004
415,Kibara,-2.15,33.45,72.03,73,78,5.99,TZ,1622333088
416,Kokopo,-4.352,152.2633,83.52,72,96,11.43,PG,1622333089
417,Ban Phai,16.06,102.731,84.97,79,98,8.81,TH,1622333089
418,Callaway,30.153,-85.5699,82.0,73,65,3.0,US,1622333089
419,Bathsheba,13.2167,-59.5167,79.75,75,15,16.22,BB,1622333090
420,Huarmey,-10.0681,-78.1522,65.5,89,51,8.41,PE,1622333090
421,Miracema do Tocantins,-9.5618,-48.3967,75.47,44,44,2.53,BR,1622333090
422,Korsakov,46.6328,142.7813,42.64,91,100,13.0,RU,1622333091
423,Mehamn,71.0357,27.8492,40.15,90,100,23.67,NO,1622333091
424,Paphos,34.7667,32.4167,67.91,68,0,8.05,CY,1622333091
425,Moussoro,13.6408,16.4901,86.43,8,0,8.61,TD,1622333092
426,La Libertad,-2.2333,-80.9,72.3,88,96,10.31,EC,1622333092
427,Verkhotur'ye,58.8627,60.8054,57.07,96,90,0.89,RU,1622333092
428,Bima,-8.4667,118.7167,80.31,77,20,2.75,ID,1622333092
429,Coyhaique,-45.5752,-72.0662,36.81,94,87,7.23,CL,1622333093
430,Luleå,65.5842,22.1547,42.87,70,81,5.75,SE,1622333093
431,Drinovci,43.355,17.3539,56.12,75,90,6.69,BA,1622333093
432,Dzhebariki-Khaya,62.2167,135.8,59.2,59,100,17.87,RU,1622333094
433,Turka,49.1541,23.0297,44.8,98,100,6.62,UA,1622333094
434,Zhangaözen,43.3,52.8,72.21,46,3,7.72,KZ,1622333094
435,Coquimbo,-29.9533,-71.3436,60.44,80,86,3.78,CL,1622333095
436,Talnakh,69.4865,88.3972,27.61,97,87,1.61,RU,1622333095
437,Mirwah,13.9228,43.9176,76.46,46,78,2.21,YE,1622333095
438,Gravdal,68.1214,13.5031,43.29,75,100,9.1,NO,1622333096
439,Arona,28.0996,-16.681,61.99,74,20,3.0,ES,1622333096
440,Iwanai,42.9744,140.5089,50.85,94,100,8.66,JP,1622333096
441,Vao,-22.6667,167.4833,68.74,64,95,20.2,NC,1622333097
442,Hasaki,35.7333,140.8333,73.18,80,89,12.73,JP,1622333097
443,Port Lincoln,-34.7333,135.8667,55.71,55,18,9.31,AU,1622333097
444,Unaí,-16.3575,-46.9061,73.99,51,98,1.61,BR,1622333097
445,Torbay,47.6666,-52.7314,42.28,84,95,1.01,CA,1622333098
446,Lahat,-3.8,103.5333,73.11,95,96,1.52,ID,1622333098
447,Borogontsy,62.6683,131.1683,61.11,61,100,3.33,RU,1622333099
448,Gumlā,23.05,84.55,76.51,78,4,4.7,IN,1622333099
449,Nuristan,35.3,70.8333,37.06,65,6,11.59,AF,1622333099
450,Cam Ranh,11.9214,109.1591,82.36,78,20,3.22,VN,1622333100
451,Thinadhoo,0.5333,72.9333,83.64,72,47,18.39,MV,1622333100
452,Mandalgovi,45.7625,106.2708,50.63,52,50,22.08,MN,1622333100
453,George Town,5.4112,100.3354,82.33,83,20,4.7,MY,1622333101
454,Ibicuí,-14.8417,-39.9867,66.7,89,93,2.48,BR,1622333101
455,Aberdeen,57.1437,-2.0981,53.49,100,7,2.3,GB,1622332896
456,El Cobre,20.0489,-75.9469,81.84,74,40,2.71,CU,1622333101
457,Sharjah city,25.3573,55.4033,86.25,55,2,7.67,AE,1622332804
458,Svay Rieng,11.0879,105.7993,81.64,83,21,5.84,KH,1622333103
459,Vredendal,-31.6683,18.5012,54.19,85,17,4.05,ZA,1622333104
460,Payo,-3.7508,103.6372,73.06,96,96,1.12,ID,1622333104
461,Weirton,40.419,-80.5895,51.04,83,100,1.01,US,1622332976
462,Beloha,-25.1667,45.05,62.87,81,0,5.53,MG,1622333037
463,Taicheng,38.731,113.228,61.14,51,47,3.58,CN,1622333105
464,St. George's,12.0564,-61.7485,79.12,77,7,12.93,GD,1622333105
465,Kuril'sk,45.2333,147.8833,48.52,88,74,1.54,RU,1622333105
466,Los Llanos de Aridane,28.6585,-17.9182,64.15,89,0,12.21,ES,1622333106
467,Leshukonskoye,64.8989,45.7622,32.85,85,99,9.84,RU,1622333106
468,Lagoa,39.05,-27.9833,63.05,82,64,5.86,PT,1622332913
469,Paka,4.6374,103.4368,79.11,90,92,4.27,MY,1622333106
470,Rafsanjān,30.4067,55.9939,77.31,11,0,5.84,IR,1622333107
471,Black Diamond,47.3087,-122.0032,75.29,46,29,1.99,US,1622333107
472,Miyako,39.6367,141.9525,63.73,59,63,5.66,JP,1622333107
473,Unecha,52.8459,32.6739,49.8,91,63,11.59,RU,1622333108
474,Kloulklubed,7.0419,134.2556,82.9,84,100,21.05,PW,1622333108
475,Kribi,2.95,9.9167,78.69,89,39,3.51,CM,1622333109
476,Gilgit,35.9221,74.3087,69.3,61,71,1.21,PK,1622333109
477,Noumea,-22.2763,166.4572,73.38,63,88,12.24,NC,1622332987
478,Okhtyrka,50.3104,34.8988,53.24,98,92,9.06,UA,1622333109
479,Farmington,36.7281,-108.2187,86.7,4,1,0.0,US,1622333022
480,Kovdor,67.5662,30.4758,33.08,82,45,3.71,RU,1622333110
481,Kaeo,-35.1,173.7833,58.32,81,90,9.78,NZ,1622333110
482,Nhulunbuy,-12.2333,136.7667,81.21,65,40,17.27,AU,1622333110
483,Purranque,-40.9167,-73.1667,45.03,92,94,2.17,CL,1622333111
484,Merke,42.8728,73.1786,68.76,51,92,4.03,KZ,1622333111
485,Nioro,13.35,-15.75,80.2,44,38,8.34,GM,1622333111
486,Reinosa,42.9996,-4.138,53.06,98,100,3.11,ES,1622333112
487,Panzhihua,26.5851,101.7128,72.43,73,56,4.72,CN,1622333112
488,Morro Bay,35.3658,-120.8499,74.28,75,18,5.01,US,1622333112
489,Kamakura,35.3089,139.5503,76.41,63,59,8.01,JP,1622332961
490,Ukmerge,55.25,24.75,49.08,95,9,8.19,LT,1622333113
491,Kaka,37.3482,59.6143,84.9,16,0,5.23,TM,1622333113
492,Oussouye,12.485,-16.5469,74.61,71,25,10.56,SN,1622333114
493,Ust'-Ilimsk,58.0006,102.6619,38.05,76,97,7.54,RU,1622332820
494,Bud,39.447,-86.1758,62.58,44,62,9.71,US,1622333114
495,Leh,34.1667,77.5833,47.7,36,67,2.71,IN,1622333114
496,Te Anau,-45.4167,167.7167,46.44,95,100,7.72,NZ,1622333076
497,Kirakira,-10.4544,161.9205,78.1,89,100,5.37,SB,1622333115
498,Coos Bay,43.3665,-124.2179,85.86,76,76,1.01,US,1622332975
499,Canmore,51.0834,-115.3521,61.48,30,60,7.43,CA,1622333115
500,Araouane,18.9048,-3.5265,95.47,18,62,4.81,ML,1622332877
501,Jefferson City,38.5767,-92.1735,66.11,39,1,10.36,US,1622332991
502,Niono,14.2526,-5.993,93.18,32,35,1.59,ML,1622333116
503,Werda,-25.2667,23.2833,53.29,45,8,6.87,BW,1622333116
504,Nemuro,43.3236,145.575,52.23,94,97,11.99,JP,1622333117
505,Ajdabiya,30.7554,20.2263,71.08,74,53,12.88,LY,1622333117
506,Tahe,52.3333,124.7333,53.76,72,20,0.29,CN,1622332847
507,Altamira,-3.2033,-52.2064,79.02,72,76,1.9,BR,1622333117
508,Quang Ngai,15.1167,108.8,85.71,63,78,3.89,VN,1622333118
509,Hillsboro,45.5229,-122.9898,83.91,29,1,6.91,US,1622333000
510,Luanda,-8.8368,13.2343,73.49,91,49,8.41,AO,1622332833
511,Vestmanna,62.1564,-7.1664,43.72,100,90,8.41,FO,1622333118
512,Pozo Colorado,-23.4923,-58.7972,71.22,68,100,12.77,PY,1622333119
513,Xining,36.6167,101.7667,55.81,53,64,3.74,CN,1622333119
514,Loíza,18.4313,-65.8802,81.86,78,60,10.74,PR,1622333119
515,Nizwá,22.9333,57.5333,83.75,32,79,2.57,OM,1622333120
516,Tarauacá,-8.1614,-70.7656,79.65,69,97,3.06,BR,1622333120
517,Altay,47.8667,88.1167,59.9,43,0,3.22,CN,1622333120
518,San Severino Marche,43.2281,13.1802,63.5,79,100,3.15,IT,1622333121
519,Kouvola,60.8667,26.7,43.12,79,0,3.83,FI,1622333121
520,Minas,-34.3759,-55.2377,50.52,71,15,5.93,UY,1622333121
521,Porto Velho,-8.7619,-63.9039,81.25,65,99,1.21,BR,1622333122
522,Tilichiki,60.4667,166.1,44.38,68,98,4.74,RU,1622333122
523,Sarab,38.6066,44.9883,65.88,33,12,3.71,IR,1622333122
524,Fort Nelson,58.8053,-122.7002,69.85,24,92,4.54,CA,1622333123
525,Hargeisa,9.56,44.065,68.9,65,4,21.88,SO,1622333123
526,Vestnes,62.6264,7.0884,55.96,71,9,0.96,NO,1622333123
527,Tura,25.5198,90.2201,73.2,93,21,4.54,IN,1622333124
528,Pangkalanbuun,-2.6833,111.6167,75.96,92,43,0.4,ID,1622333124
529,Porbandar,21.6422,69.6093,83.21,74,99,11.83,IN,1622333124
530,Namatanai,-3.6667,152.4333,83.5,73,80,6.06,PG,1622333124
531,Bandar,2.05,99.75,75.06,87,73,2.08,ID,1622333125
532,Sal Rei,16.1833,-22.9167,70.59,83,26,17.92,CV,1622333125
533,Kibre Mengist,5.8833,38.9833,58.93,96,90,0.4,ET,1622333105
534,Khuzhir,53.1939,107.3397,41.4,58,61,6.26,RU,1622333126
535,Oddur,4.1213,43.8894,71.96,77,59,8.21,SO,1622333126
536,Beidao,34.5686,105.8933,70.09,67,88,2.42,CN,1622333126
537,Salon,26.0333,81.45,77.95,85,29,5.26,IN,1622333127
538,Trairi,-3.2778,-39.2689,79.16,81,34,8.55,BR,1622333097
539,Cimarron Hills,38.8586,-104.6989,70.95,71,75,13.8,US,1622333103
540,Cap-aux-Meules,47.3821,-61.8597,43.5,75,100,1.19,CA,1622333127
541,Henties Bay,-22.116,14.2845,56.86,86,38,4.25,NA,1622333127
542,Deputatsky,69.3,139.9,50.59,41,28,21.63,RU,1622333066
543,Roncesvalles,4.0108,-75.6049,55.06,99,100,1.21,CO,1622333128
544,Scarborough,54.2797,-0.4044,49.84,87,0,3.6,GB,1622333017
545,Razdol'noye,43.55,131.9167,55.81,76,96,3.96,RU,1622333128
546,Fujin,47.26,132.0322,63.95,59,48,4.45,CN,1622332889
547,Brae,60.3964,-1.353,44.51,90,2,4.05,GB,1622333129
548,Villa Hayes,-25.0931,-57.5236,68.85,63,100,11.5,PY,1622333129
549,Grand Gaube,-20.0064,57.6608,74.37,90,29,3.0,MU,1622333130
550,Husavik,66.0449,-17.3389,49.23,59,100,13.71,IS,1622333130
551,Boyuibe,-20.4167,-63.2833,63.93,72,100,9.01,BO,1622333130
552,Prince Rupert,54.3161,-130.3201,55.78,64,100,3.2,CA,1622332996
553,Mitú,1.1983,-70.1733,73.67,97,78,0.49,CO,1622333131
554,Tungor,53.3808,142.9564,39.83,82,100,15.68,RU,1622333131
555,Xapuri,-10.6517,-68.5044,79.97,67,75,2.93,BR,1622333131
556,Kiryat Gat,31.61,34.7642,68.68,86,1,1.25,IL,1622333131
557,La Joya,18.6667,-99.4667,86.4,40,87,5.08,MX,1622333132
558,Saint-Louis,16.3333,-15.0,76.55,50,4,14.38,SN,1622333132
559,Anyama,5.4946,-4.0518,81.41,87,61,4.74,CI,1622333133
